{
  "###_remove_sites": {
    "cs_code": "dn.se, faithfullymagazine.com, gazetaprawna.pl, lyrik.fr, mailplus.co.uk, onet.pl, portfolio.hu",
    "domain": "###"
  },
  "Abajournal.com": {
    "allow_cookies": 1,
    "block_regex": "\\.piano\\.io",
    "domain": "abajournal.com"
  },
  "Abcmais.com": {
    "allow_cookies": 1,
    "domain": "abcmais.com",
    "ld_json_url": "section#section-iframe-assinante|div.degressing-opacity"
  },
  "Acadienouvelle.com": {
    "allow_cookies": 1,
    "block_regex": "\\.acadienouvelle\\.com\\/script\\.js",
    "domain": "acadienouvelle.com"
  },
  "Airmail.news": {
    "add_ext_link": "div.paywall-card|div.article-text",
    "add_ext_link_type": "archive.is",
    "allow_cookies": 1,
    "domain": "airmail.news",
    "ld_archive_is": "div.paywall-card|div.article-text|div[data-article-target='body']"
  },
  "Aoc.media": {
    "allow_cookies": 1,
    "block_regex": "\\.poool\\.fr",
    "domain": "aoc.media"
  },
  "Arkansasonline.com": {
    "add_ext_link": "div.bee-page-container|div.article__body",
    "add_ext_link_type": "google_search_tool",
    "domain": "arkansasonline.com"
  },
  "Artsprofessional.co.uk": {
    "allow_cookies": 1,
    "block_regex": "\\.artsprofessional\\.co\\.uk\\/.+\\/js\\/content_paywall\\.js",
    "domain": "artsprofessional.co.uk"
  },
  "Asiamoney.com": {
    "allow_cookies": 1,
    "domain": "asiamoney.com",
    "useragent": "googlebot"
  },
  "Athensreviewofbooks.com": {
    "allow_cookies": 1,
    "domain": "athensreviewofbooks.com",
    "ld_json": "div.freeUser|div.itemBody"
  },
  "Bisnisindonesia.id": {
    "allow_cookies": 1,
    "domain": "bisnisindonesia.id",
    "ld_json_next": "div.bottom-10|article"
  },
  "Bizwest.com": {
    "allow_cookies": 1,
    "cs_code": "[{\"cond\":\"div.fp-paywall\", \"rm_elem\":1, \"elems\":[{\"cond\":\"div.fp-content\", \"rm_attrib\":\"class\"}]}]",
    "domain": "bizwest.com"
  },
  "Bm-online.de": {
    "add_ext_link": "div.plenigo-teaser|div.entry-content",
    "add_ext_link_type": "google_search_tool",
    "allow_cookies": 1,
    "domain": "bm-online.de"
  },
  "Booksandpublishing.com.au": {
    "allow_cookies": 1,
    "domain": "booksandpublishing.com.au",
    "ld_json_url": "article form#loginform|div.paywallblurtext"
  },
  "Bostonmagazine.com": {
    "allow_cookies": 1,
    "domain": "bostonmagazine.com",
    "useragent": "googlebot"
  },
  "Brainly.com": {
    "domain": "brainly.com"
  },
  "Brandonsun.com": {
    "allow_cookies": 1,
    "block_regex": "account\\.brandonsun\\.com\\/api\\/v\\d\\/auth\\/identify",
    "domain": "brandonsun.com"
  },
  "Brusselstimes.com": {
    "allow_cookies": 1,
    "block_regex": "\\.piano\\.io\\/xbuilder\\/experience\\/execute",
    "cs_code": "[{\"cond\":\"div[style*='height: 0;']\", \"rm_attrib\":\"style\"}]",
    "domain": "brusselstimes.com"
  },
  "Bt.no": {
    "allow_cookies": 1,
    "domain": "bt.no",
    "useragent": "facebookbot"
  },
  "Btc-echo.de": {
    "allow_cookies": 1,
    "domain": "btc-echo.de",
    "ld_json_url": "div.btc-echo-plus-paywall|div.entry-content|1"
  },
  "Businessinsider.de": {
    "add_ext_link": "div.piano-article__paywall|div.piano-article__content",
    "add_ext_link_type": "google_search_tool",
    "allow_cookies": 1,
    "block_regex": "\\.piano\\.io",
    "domain": "businessinsider.de"
  },
  "Businesslive.co.za": {
    "add_ext_link": "div#comment-shield|div.article-info-container",
    "add_ext_link_type": "google_search_tool",
    "allow_cookies": 1,
    "domain": "businesslive.co.za"
  },
  "Businessnews.com.au": {
    "allow_cookies": 1,
    "domain": "businessnews.com.au",
    "useragent": "googlebot"
  },
  "Cafe.com (articles only)": {
    "allow_cookies": 1,
    "domain": "cafe.com",
    "ld_json_url": "div.login-module|div.article-bottom-content-text-content"
  },
  "Capital.bg": {
    "allow_cookies": 1,
    "domain": "capital.bg",
    "ld_json": "div.paywall|div.story-content|1",
    "useragent": "googlebot"
  },
  "Catholicherald.co.uk": {
    "allow_cookies": 1,
    "block_regex": "\\.catholicherald\\.co\\.uk\\/c\\/assets\\/pigeon\\.js",
    "domain": "catholicherald.co.uk"
  },
  "Causette.fr": {
    "allow_cookies": 1,
    "domain": "causette.fr",
    "ld_json_url": "div.ihc-locker-wrap|div.entry-content"
  },
  "Chicago.suntimes.com": {
    "allow_cookies": 1,
    "block_regex": "\\.tinypass\\.com",
    "domain": "chicago.suntimes.com"
  },
  "Christianitytoday.com": {
    "allow_cookies": 1,
    "domain": "christianitytoday.com",
    "useragent": "googlebot"
  },
  "Churchtimes.co.uk": {
    "allow_cookies": 1,
    "block_js_inline": "\\.churchtimes\\.co\\.uk\\/articles\\/",
    "domain": "churchtimes.co.uk",
    "useragent": "googlebot"
  },
  "Clareecho.ie": {
    "allow_cookies": 1,
    "block_regex": "\\.clareecho\\.ie\\/.+\\/flip-pay\\.js",
    "cs_code": "[{\"cond\":\"div.td-post-content\", \"rm_class\": \"td-post-content\"}]",
    "domain": "clareecho.ie"
  },
  "Connexionfrance.com": {
    "domain": "connexionfrance.com"
  },
  "Craftscouncil.org.uk": {
    "allow_cookies": 1,
    "block_regex": "\\/steadyhq\\.com",
    "domain": "craftscouncil.org.uk"
  },
  "Dailyherald.com": {
    "allow_cookies": 1,
    "block_regex": "\\.tinypass\\.com",
    "domain": "dailyherald.com"
  },
  "Dealstreetasia.com": {
    "allow_cookies": 1,
    "domain": "dealstreetasia.com",
    "ld_json_next": "div.subscribe-now,div.overlay|article"
  },
  "Deutsche-wirtschafts-nachrichten.de": {
    "add_ext_link": "div#article-teaser-blocks|div.teaser_extra",
    "add_ext_link_type": "google_search_tool",
    "allow_cookies": 1,
    "domain": "deutsche-wirtschafts-nachrichten.de"
  },
  "Diabeteshealth.co.in": {
    "allow_cookies": 1,
    "domain": "diabeteshealth.co.in",
    "ld_json": "div#paywall-banner|div[class^='text-story-m_gap']"
  },
  "Diariodenavarra.es": {
    "allow_cookies": 1,
    "domain": "diariodenavarra.es",
    "ld_json": "div#paywall_message|div.free-html"
  },
  "Dn.no": {
    "add_ext_link": "div#sub-paywall-container|article",
    "add_ext_link_type": "google_search_tool",
    "allow_cookies": 1,
    "domain": "dn.no"
  },
  "Edweek.org (not Market Brief)": {
    "allow_cookies": 1,
    "block_regex": "js\\.pelcro\\.com",
    "domain": "edweek.org"
  },
  "Elfinancierocr.com": {
    "allow_cookies": 1,
    "block_regex": "(\\.tinypass\\.com|cdn\\.ampproject\\.org\\/v\\d\\/amp-subscriptions-.+\\.js)",
    "cs_code": "[{\"cond\":\"div.article-body-wrapper__styled[style]\",\"rm_attrib\":\"style\"},{\"cond\":\"div.post\",\"rm_elem\":1}]",
    "domain": "elfinancierocr.com"
  },
  "Eluniversal.com.mx": {
    "allow_cookies": 1,
    "block_regex": "\\.tinypass\\.com",
    "domain": "eluniversal.com.mx"
  },
  "Endpts.com": {
    "allow_cookies": 1,
    "domain": "endpts.com",
    "ld_json_url": "div.epn_limit|div.epn_content"
  },
  "Engineersireland.ie": {
    "allow_cookies": 1,
    "cs_code": "[{\"cond\":\"div.free-wrapper\", \"rm_elem\":1, \"elems\":[{\"cond\":\"div.article-body[style]\", \"rm_attrib\":\"style\"}]}]",
    "domain": "engineersireland.ie"
  },
  "Eviemagazine.com": {
    "allow_cookies": 1,
    "block_regex": "\\.eviemagazine\\.com\\/api\\/trpc\\/post\\.paywall",
    "domain": "eviemagazine.com"
  },
  "Farmersjournal.ie": {
    "amp_redirect": "div#memberplusModal.in",
    "domain": "farmersjournal.ie"
  },
  "Finance.si": {
    "add_ext_link": "div[id^='hardlock_']|div#article_main",
    "add_ext_link_type": "google_search_tool",
    "allow_cookies": 1,
    "domain": "finance.si"
  },
  "Finansavisen.no": {
    "allow_cookies": 1,
    "domain": "finansavisen.no",
    "useragent": "googlebot"
  },
  "Finanz-szene.de": {
    "allow_cookies": 1,
    "domain": "finanz-szene.de",
    "useragent": "googlebot"
  },
  "Flz.de": {
    "allow_cookies": 1,
    "domain": "flz.de",
    "useragent": "googlebot"
  },
  "Fokus.se": {
    "allow_cookies": 1,
    "block_regex": "\\.fokus\\.se\\/app\\/.+\\/sesamy-fpg\\.js",
    "domain": "fokus.se"
  },
  "Frieze.com": {
    "allow_cookies": 1,
    "block_regex": "js\\.pelcro\\.com",
    "domain": "frieze.com"
  },
  "Gazette.com": {
    "allow_cookies": 1,
    "block_regex": "loader-cdn\\.azureedge\\.net",
    "domain": "gazette.com"
  },
  "Gplanet.co.il (not lectures)": {
    "allow_cookies": 1,
    "domain": "gplanet.co.il",
    "ld_json": "div.subscription-form|div.content-inner"
  },
  "Gramophone.co.uk (reviews)": {
    "allow_cookies": 1,
    "block_regex": "\\.gramophone\\.co\\.uk\\/script\\.js",
    "domain": "gramophone.co.uk",
    "useragent": "googlebot"
  },
  "Group_ch_agrarmedien": {
    "allow_cookies": 1,
    "cs_code": "[{\"cond\":\"[class*='advert']\", \"rm_elem\":1}]",
    "domain": "group_ch_agrarmedien",
    "group": "bauernzeitung.ch,diegruene.ch",
    "useragent": "googlebot"
  },
  "Group_de_ozg": {
    "allow_cookies": 1,
    "domain": "group_de_ozg",
    "group": "borkumer-zeitung.de,ga-online.de,on-online.de,oz-online.de",
    "ld_json": "div.paywall|div.pointer-events-none"
  },
  "Group_es_serra (regwall)": {
    "allow_cookies": 1,
    "block_js_inline": "^",
    "domain": "group_es_serra",
    "group": "menorca.info,ultimahora.es"
  },
  "Group_media_source_inc": {
    "allow_cookies": 1,
    "block_regex": "\\.com\\/.+\\/js\\/metering\\.js",
    "domain": "group_media_source_inc",
    "group": "hbook.com,libraryjournal.com,slj.com"
  },
  "Group_nation_media": {
    "allow_cookies": 1,
    "cs_code": "[{\"cond\":\"div.modal\",\"rm_elem\":1,\"elems\":[{\"cond\":\".nmgp\",\"rm_class\":\"nmgp\"}]}]",
    "domain": "group_nation_media",
    "group": "monitor.co.ug,nation.africa,thecitizen.co.tz"
  },
  "Group_no_lydogbilde": {
    "cs_code": "[{\"cond\":\"div.paywallbox\", \"rm_elem\":1, \"elems\":[{\"cond\":\"div.thecontent\", \"rm_class\":\"thecontent\"}, {\"cond\":\"div#MoreLink_fade-out-div\", \"rm_elem\":1}, {\"cond\":\"div#MoreLink_content-container[style]\", \"rm_attrib\":\"style\"}]}]",
    "domain": "group_no_lydogbilde",
    "group": "lydogbillede.dk,lydogbilde.no"
  },
  "Group_uk_dcthomson": {
    "allow_cookies": 1,
    "block_regex": "\\.tinypass\\.com",
    "cs_code": "[{\"cond\":\"div[rel='advert']\", \"rm_elem\":1}]",
    "domain": "group_uk_dcthomson",
    "group": "energyvoice.com,pressandjournal.co.uk,thecourier.co.uk"
  },
  "Group_uk_solar_media": {
    "allow_cookies": 1,
    "domain": "group_uk_solar_media",
    "group": "energy-storage.news,pv-tech.org",
    "ld_json_url": "div.wkwp-paywall|div.wpwp-non-paywall"
  },
  "Group_van_magazine": {
    "allow_cookies": 1,
    "domain": "group_van_magazine",
    "group": "van-magazine.com,van-magazin.de",
    "ld_json_url": "div.newspack-metered-paywall-block|div.entry-content"
  },
  "Gutepillen-schlechtepillen.de": {
    "allow_cookies": 1,
    "domain": "gutepillen-schlechtepillen.de",
    "ld_json_url": "aside.abonotice|div.single_content|1"
  },
  "Hartenergy.com": {
    "allow_cookies": 1,
    "block_regex": "js\\.pelcro\\.com",
    "domain": "hartenergy.com"
  },
  "Hbrtaiwan.com": {
    "domain": "hbrtaiwan.com"
  },
  "Heidi.news": {
    "allow_cookies": 1,
    "block_regex": "\\.piano\\.io",
    "domain": "heidi.news",
    "useragent": "googlebot"
  },
  "Heraldo.es": {
    "allow_cookies": 1,
    "block_js_inline": "\\.heraldo\\.es\\/noticias",
    "domain": "heraldo.es"
  },
  "Himalmag.com": {
    "allow_cookies": 1,
    "domain": "himalmag.com",
    "ld_json": "div#metered-paywall-banner|div[class^='paywall-story-']"
  },
  "Hochparterre.ch": {
    "allow_cookies": 1,
    "cs_code": "[{\"cond\":\"div.pageWrapper\", \"rm_class\":\"pageWrapper\"}]",
    "domain": "hochparterre.ch",
    "ld_google_webcache": "div.paywall|div.article__content"
  },
  "Hsj.co.uk": {
    "allow_cookies": 1,
    "domain": "hsj.co.uk",
    "useragent": "googlebot"
  },
  "Huisartsvandaag.nl": {
    "allow_cookies": 1,
    "domain": "huisartsvandaag.nl",
    "ld_json_url": "div.article__paywall|div.article__body"
  },
  "Ilglobo.com": {
    "allow_cookies": 1,
    "domain": "ilglobo.com",
    "useragent": "googlebot"
  },
  "Insidemortgagefinance.com": {
    "allow_cookies": 1,
    "domain": "insidemortgagefinance.com",
    "ld_google_webcache": "div.article-preview|div.main-body"
  },
  "Institutionalinvestor.com": {
    "allow_cookies": 1,
    "cs_code": "[{\"cond\":\"div[style*='background-image: linear-gradient']\", \"rm_elem\":1}]",
    "domain": "institutionalinvestor.com",
    "ld_google_webcache": "div.call_to_action|div.Page-articleBody"
  },
  "Internationalepolitik.de": {
    "allow_cookies": 1,
    "domain": "internationalepolitik.de"
  },
  "Investmentnews.com": {
    "allow_cookies": 1,
    "domain": "investmentnews.com",
    "ld_google_webcache": "div.leaky_paywall_message_wrap|div#article-main-featured-content"
  },
  "Ipe.com": {
    "allow_cookies": 1,
    "domain": "ipe.com",
    "useragent": "googlebot"
  },
  "Irishnews.com": {
    "block_regex": "\\.irishnews\\.com\\/.+\\/js\\/(bundle|mpppaywall)\\.js",
    "domain": "irishnews.com"
  },
  "Jornaldocomercio.com": {
    "allow_cookies": 1,
    "block_regex": "\\.jornaldocomercio\\.com\\/.+\\/json\\/paywall\\.json",
    "domain": "jornaldocomercio.com"
  },
  "Jota.info": {
    "allow_cookies": 1,
    "domain": "jota.info",
    "ld_json_url": "div.jota-paywall-visible|div.jota-article__content>span>p"
  },
  "Kapital.no": {
    "allow_cookies": 1,
    "domain": "kapital.no",
    "useragent": "googlebot"
  },
  "Keymilitary.com": {
    "allow_cookies": 1,
    "domain": "keymilitary.com",
    "useragent": "googlebot"
  },
  "Kristeligt-dagblad.dk": {
    "allow_cookies": 1,
    "domain": "kristeligt-dagblad.dk",
    "useragent": "googlebot"
  },
  "Lagaceta.com.ar": {
    "allow_cookies": 1,
    "block_regex": "\\.lagaceta\\.com\\.ar\\/ajax\\/getInfo",
    "domain": "lagaceta.com.ar",
    "useragent": "facebookbot"
  },
  "Lasvegasadvisor.com": {
    "allow_cookies": 1,
    "block_regex": "\\.lasvegasadvisor\\.com\\/(opt\\/.+|js\\/access\\.min)\\.js",
    "domain": "lasvegasadvisor.com"
  },
  "Lavozdegalicia.es": {
    "add_ext_link": "div#paywall_box|article p",
    "add_ext_link_type": "google_search_tool",
    "allow_cookies": 1,
    "cs_code": "[{\"cond\":\"body.blocked\", \"rm_class\":\"blocked\"}, {\"cond\":\"hr.pw-separator\", \"rm_class\":\"pw-separator\"}]",
    "domain": "lavozdegalicia.es"
  },
  "Legalbites.in": {
    "allow_cookies": 1,
    "cs_code": "[{\"cond\":\"div#subscription_paid_message\", \"rm_elem\":1, \"elems\":[{\"cond\":\"div.hide.paywall-content\", \"rm_attrib\": \"class\"}, {\"cond\": \"div.restricted_message>div.story\", \"rm_elem\":1}]}]",
    "domain": "legalbites.in"
  },
  "Limerickpost.ie": {
    "allow_cookies": 1,
    "block_regex": "\\.limerickpost\\.ie\\/.+\\/flip-pay\\.js",
    "cs_code": "[{\"cond\":\"div.td-post-content\", \"rm_class\": \"td-post-content\"}]",
    "domain": "limerickpost.ie"
  },
  "Limesonline.com": {
    "add_ext_link": "div#account-pw-container|div.story__content",
    "add_ext_link_type": "google_search_tool",
    "allow_cookies": 1,
    "domain": "limesonline.com"
  },
  "Lindipendente.online": {
    "allow_cookies": 1,
    "domain": "lindipendente.online",
    "useragent": "googlebot"
  },
  "Luxurydaily.com": {
    "allow_cookies": 1,
    "domain": "luxurydaily.com",
    "ld_json_url": "div.call-to-action|div.body|||meta[name='id']"
  },
  "Makorrishon.co.il": {
    "allow_cookies": 1,
    "domain": "makorrishon.co.il",
    "useragent": "googlebot"
  },
  "Manilatimes.net": {
    "allow_cookies": 1,
    "domain": "manilatimes.net",
    "ld_json": "div.website-packages|div.article-body-content"
  },
  "Marketscreener.com (only free articles)": {
    "domain": "marketscreener.com"
  },
  "Mediapart.fr": {
    "add_ext_link": "div#paywall_no_variance|main",
    "add_ext_link_type": "google_search_tool",
    "allow_cookies": 1,
    "domain": "mediapart.fr"
  },
  "Mediapost.com": {
    "allow_cookies": 1,
    "cs_code": "[{\"cond\":\"body[class]\", \"rm_attrib\":\"class\"}, {\"cond\":\"div.fade\", \"rm_elem\":1}]",
    "domain": "mediapost.com",
    "ld_google_webcache": "div.modal|div#article_body"
  },
  "Medieninsider.com": {
    "allow_cookies": 1,
    "domain": "medieninsider.com",
    "useragent": "googlebot"
  },
  "Medpagetoday.com": {
    "allow_cookies": 1,
    "domain": "medpagetoday.com",
    "remove_cookies": 1
  },
  "Milesplit.com": {
    "allow_cookies": 1,
    "domain": "milesplit.com",
    "useragent": "facebookbot"
  },
  "Mining-journal.com": {
    "allow_cookies": 1,
    "domain": "mining-journal.com",
    "ld_json": "div.article-teaser|div.article-content>p"
  },
  "Montelnews.com": {
    "allow_cookies": 1,
    "cs_code": "[{\"cond\":\"div[class*='articleText_cover_'\", \"rm_class\":\"articleText_cover__98U9v\"}]",
    "domain": "montelnews.com",
    "ld_json_next": "div[class^='articleTeaser_teaser_']|div[class^='articleText_mainText_']"
  },
  "Mopo.de": {
    "allow_cookies": 1,
    "domain": "mopo.de",
    "ld_json_url": "div#paywall|div.paywall-fade"
  },
  "Museumsassociation.org": {
    "allow_cookies": 1,
    "cs_code": "[{\"cond\":\"body.paywall\", \"rm_class\":\"paywall\", \"elems\":[{\"cond\":\"body[style]\", \"rm_attrib\":\"style\"}, {\"cond\":\"div#paywall-wrapper,div.advertising\", \"rm_elem\":1}]}]",
    "domain": "museumsassociation.org"
  },
  "Nacion.com": {
    "allow_cookies": 1,
    "block_regex": "\\.tinypass\\.com",
    "cs_code": "[{\"cond\":\"div.post\", \"rm_elem\":1, \"elems\": [{\"cond\":\"div.article-body-wrapper__styled[style]\", \"rm_attrib\":\"style\"}]}]",
    "domain": "nacion.com"
  },
  "Nationalobserver.com": {
    "allow_cookies": 1,
    "block_regex": "\\.tinypass\\.com",
    "domain": "nationalobserver.com"
  },
  "Naturalgasworld.com": {
    "allow_cookies": 1,
    "domain": "naturalgasworld.com",
    "useragent": "googlebot"
  },
  "Newbostonpost.com": {
    "allow_cookies": 1,
    "block_regex": "\\/newbostonpost\\.com\\/.+\\/paywall\\/js\\/main\\.js",
    "domain": "newbostonpost.com"
  },
  "Newoxfordreview.org": {
    "allow_cookies": 1,
    "cs_code": "[{\"cond\":\"div.not-viewable\", \"rm_class\":\"not-viewable\"}]",
    "domain": "newoxfordreview.org"
  },
  "Newspicks.com": {
    "allow_cookies": 1,
    "domain": "newspicks.com",
    "useragent": "googlebot"
  },
  "Nnn.de": {
    "allow_cookies": 1,
    "domain": "nnn.de",
    "useragent": "googlebot"
  },
  "Nordjyske.dk": {
    "allow_cookies": 1,
    "domain": "nordjyske.dk",
    "useragent": "googlebot"
  },
  "Nordsee-zeitung.de": {
    "allow_cookies": 1,
    "domain": "nordsee-zeitung.de",
    "ld_google_webcache": "div.UserLoggedInContainer|article"
  },
  "Novethic.fr": {
    "allow_cookies": 1,
    "domain": "novethic.fr",
    "ld_json_url": "div#paywall|div.entry-content"
  },
  "Nu.nl": {
    "allow_cookies": 1,
    "cs_code": "[{\"cond\":\"article#LOGIN\",\"rm_elem\":1},{\"cond\":\"div.authorized-content\",\"rm_class\":\"authorized-content\"}]",
    "domain": "nu.nl"
  },
  "Nv.ua": {
    "allow_cookies": 1,
    "amp_redirect": "div[id^='media_paywall']",
    "domain": "nv.ua"
  },
  "Odt.co.nz": {
    "allow_cookies": 1,
    "block_regex": "\\.odt\\.co\\.nz\\/bwtw\\/api\\/TheWall",
    "cs_code": "[{\"cond\":\"div[property='content:encoded']\", \"rm_attrib\":\"property\"}]",
    "domain": "odt.co.nz"
  },
  "Opovo.com.br": {
    "allow_cookies": 1,
    "block_regex": "\\.opovo\\.com\\.br\\/.+\\/js\\/auth\\/auth_new_menu.min\\.js",
    "domain": "opovo.com.br"
  },
  "Ovb-online.de": {
    "allow_cookies": 1,
    "block_regex": "\\.ovb-online\\.de\\/sub\\/js\\/pc-offer-west\\.js",
    "cs_code": "[{\"cond\":\"div.id-TBeepSlot\", \"rm_elem\":1}]",
    "domain": "ovb-online.de"
  },
  "Overwaar.de": {
    "allow_cookies": 1,
    "domain": "overwaar.de",
    "ld_json_url": "div#paywall-wrapper|div.custom-content-wrapper div.fl-col-content"
  },
  "Pebmed.com.br": {
    "allow_cookies": 1,
    "block_regex": "\\/pebmed\\.com\\.br\\/wp-content\\/.+\\/paywall\\/dist\\/js\\/app\\.js",
    "domain": "pebmed.com.br"
  },
  "Pharmaceutical-journal.com": {
    "allow_cookies": 1,
    "domain": "pharmaceutical-journal.com",
    "useragent": "googlebot"
  },
  "Phillymag.com": {
    "allow_cookies": 1,
    "domain": "phillymag.com",
    "useragent": "googlebot"
  },
  "Physicsworld.com": {
    "domain": "physicsworld.com"
  },
  "Piratewires.com": {
    "allow_cookies": 1,
    "domain": "piratewires.com",
    "useragent": "googlebot"
  },
  "Policinginsight.com": {
    "allow_cookies": 1,
    "domain": "policinginsight.com",
    "ld_json_url": "div#pi-content-gating|article|1|1"
  },
  "Publishersweekly.com": {
    "allow_cookies": 1,
    "block_regex": "\\.omeda\\.com",
    "cs_code": "[{\"cond\":\"div#content div.loggedOutOnly\", \"rm_elem\":1}, {\"cond\":\"div#content div.loggedInOnly\", \"rm_attrib\": \"class|style\"}]",
    "domain": "publishersweekly.com"
  },
  "Pv-digest.de": {
    "allow_cookies": 1,
    "domain": "pv-digest.de",
    "useragent": "googlebot"
  },
  "Quickmath.com": {
    "domain": "quickmath.com"
  },
  "Racketmn.com (refresh)": {
    "allow_cookies": 1,
    "domain": "racketmn.com",
    "ld_google_webcache": "div[class^='ContentGate_']|div[class^='PostContent_']"
  },
  "Rawstory.com": {
    "allow_cookies": 1,
    "block_regex": "\\.tinypass\\.com",
    "domain": "rawstory.com"
  },
  "Researchprofessionalnews.com": {
    "allow_cookies": 1,
    "domain": "researchprofessionalnews.com",
    "ld_json_url": "section.single-locked-message|section.single-locked-content"
  },
  "Reviewjournal.com": {
    "allow_cookies": 1,
    "block_regex": "js\\.matheranalytics\\.com",
    "domain": "reviewjournal.com"
  },
  "Rockdelux.com": {
    "allow_cookies": 1,
    "cs_code": "[{\"cond\":\"div.bg-paywall\", \"rm_elem\":1, \"elems\": [{\"cond\":\"body\", \"rm_attrib\":\"class|style\"}, {\"cond\":\"div#body\", \"rm_attrib\":\"style\"}]}]",
    "domain": "rockdelux.com"
  },
  "Rp-online.de": {
    "add_ext_link": "div.paid-content,span.park-widget|article",
    "add_ext_link_type": "archive.is",
    "allow_cookies": 1,
    "domain": "rp-online.de",
    "ld_archive_is": "div.paid-content,span.park-widget|div[data-cy='article_content']"
  },
  "Schwaebische-post.de": {
    "allow_cookies": 1,
    "block_regex": "\\.schwaebische-post\\.de\\/sub\\/js\\/pc-offer-west\\.js",
    "domain": "schwaebische-post.de"
  },
  "Screendaily.com": {
    "domain": "screendaily.com"
  },
  "Shrm.org": {
    "allow_cookies": 1,
    "block_regex": "\\.shrm\\.org\\/.+\\/js\\/paywall.+\\.js",
    "domain": "shrm.org",
    "useragent": "googlebot"
  },
  "Siliconrepublic.com": {
    "allow_cookies": 1,
    "block_regex": "js\\.pelcro\\.com",
    "domain": "siliconrepublic.com"
  },
  "Solarserver.de": {
    "allow_cookies": 1,
    "cs_code": "[{\"cond\":\"div.paywall-box\", \"rm_elem\":1, \"elems\":[{\"cond\":\"div.paywall\", \"rm_attrib\":\"style\"}, {\"cond\":\"div.paywall-blurred\", \"rm_attrib\":\"class\"}]}]",
    "domain": "solarserver.de"
  },
  "Spectator.org": {
    "allow_cookies": 1,
    "block_regex": "\\/spectator\\.org\\/.+\\/evolok",
    "domain": "spectator.org"
  },
  "Spectrejournal.com": {
    "allow_cookies": 1,
    "block_regex": "\\/spectrejournal\\.com\\/wp-content\\/plugins\\/elementor\\/.+\\/dialog\\.min\\.js",
    "domain": "spectrejournal.com"
  },
  "Speld.nl": {
    "domain": "speld.nl"
  },
  "Splainer.in": {
    "allow_cookies": 1,
    "cs_code": "[{\"cond\":\".subscription-prompt\",\"rm_elem\":1,\"elems\":[{\"cond\":\".hide-section\",\"rm_class\":\"hide-section\"}]}]",
    "domain": "splainer.in"
  },
  "Spokesman.com": {
    "allow_cookies": 1,
    "block_regex": "loader-cdn\\.azureedge\\.net",
    "domain": "spokesman.com"
  },
  "Sportsbusinessjournal.com": {
    "domain": "sportsbusinessjournal.com"
  },
  "Stateaffairs.com": {
    "allow_cookies": 1,
    "cs_code": "[{\"cond\":\"div.c-memberships-message\", \"rm_elem\":1, \"elems\":[{\"cond\":\"body.access-restricted\",\"rm_class\":\"access-restricted\"}]}]",
    "domain": "stateaffairs.com"
  },
  "Strategies.fr": {
    "allow_cookies": 1,
    "block_regex": "\\.qiota\\.com",
    "domain": "strategies.fr"
  },
  "Stratford-herald.com": {
    "allow_cookies": 1,
    "amp_redirect": "div#article_panel_paywall",
    "amp_unhide": 1,
    "block_regex": "cdn\\.ampproject\\.org\\/v\\d\\/amp-access-.+\\.js",
    "cs_code": "[{\"cond\":\"div.PremNotice\", \"rm_elem\":1}]",
    "domain": "stratford-herald.com"
  },
  "Stripes.com": {
    "allow_cookies": 1,
    "block_regex": "js\\.pelcro\\.com",
    "domain": "stripes.com"
  },
  "Supchina.com": {
    "allow_cookies": 1,
    "block_regex": "\\.tinypass\\.com",
    "domain": "supchina.com"
  },
  "Swp.de": {
    "add_ext_link": "div.swpPayWall|section.paywall",
    "add_ext_link_type": "google_search_tool",
    "allow_cookies": 1,
    "domain": "swp.de"
  },
  "T3n.de": {
    "allow_cookies": 1,
    "domain": "t3n.de",
    "ld_json": "div.c-pro-wall__wrapper|div.pro-blur>p"
  },
  "Tamedia.ch": {
    "add_ext_link": "div#piano-premium>div|article p",
    "add_ext_link_type": "google_search_tool",
    "allow_cookies": 1,
    "block_regex": "\\.tinypass\\.com",
    "domain": "###_ch_tamedia"
  },
  "Taxscan.in": {
    "allow_cookies": 1,
    "domain": "taxscan.in",
    "ld_json": "div.pmpro_content_message|div.the-content>p"
  },
  "Teachingprofessor.com": {
    "allow_cookies": 1,
    "domain": "teachingprofessor.com",
    "ld_json_url": "div#post-paywall|div.elementor-widget-theme-post-content>div"
  },
  "Tetu.com": {
    "allow_cookies": 1,
    "block_regex": "\\.qiota\\.com",
    "domain": "tetu.com",
    "ld_json_url": "div.qiota-for-free-article|div.article-content"
  },
  "The-fence.com": {
    "allow_cookies": 1,
    "block_regex": "\\.hadrianpaywall\\.com",
    "domain": "the-fence.com"
  },
  "The-past.com": {
    "domain": "the-past.com"
  },
  "The42.ie": {
    "allow_cookies": 1,
    "block_regex": "\\.piano\\.io",
    "domain": "the42.ie"
  },
  "Thecaterer.com": {
    "allow_cookies": 1,
    "cs_code": "[{\"cond\":\".locked-content\",\"rm_attrib\":\"class\"}]",
    "domain": "thecaterer.com",
    "useragent": "googlebot"
  },
  "Thedailymash.co.uk": {
    "allow_cookies": 1,
    "block_regex": "\\.flip-pay\\.com",
    "domain": "thedailymash.co.uk"
  },
  "Theday.com": {
    "allow_cookies": 1,
    "block_regex": "js\\.pelcro\\.com",
    "domain": "theday.com"
  },
  "Thedispatch.com": {
    "add_ext_link": "article:not(.newsletter) section.paywall-section|div.content",
    "add_ext_link_type": "archive.is",
    "allow_cookies": 1,
    "domain": "thedispatch.com",
    "ld_archive_is": "article:not(.newsletter) section.paywall-section|main>article",
    "ld_json_url": "article.newsletter section.paywall-section|div.content|1"
  },
  "Thedriftmag.com": {
    "allow_cookies": 1,
    "block_regex": "\\.thedriftmag\\.com\\/wp-content\\/plugins\\/drift-paywall-plugin",
    "domain": "thedriftmag.com"
  },
  "Thefashionlaw.com": {
    "allow_cookies": 1,
    "block_regex": "\\.thefashionlaw\\.com\\/evolok\\/.+\\/ev-widgets\\.min\\.js",
    "domain": "thefashionlaw.com"
  },
  "Thefederal.com": {
    "allow_cookies": 1,
    "amp_redirect": "div#premium_access_message_text",
    "cs_code": "[{\"cond\":\"div.access-message\", \"rm_elem\":1, \"elems\":[{\"cond\":\"div.hide.paywall-content\", \"rm_attrib\":\"class\"}]}]",
    "domain": "thefederal.com"
  },
  "Theloadstar.com": {
    "allow_cookies": 1,
    "cs_code": "[{\"cond\":\"div.post-info\", \"elems\":[{\"cond\":\"article>p\", \"rm_elem\":1}]}]",
    "domain": "theloadstar.com",
    "ld_json_url": "div#register_wrapper,div[id$=\"_req_container\"]|article|1|1"
  },
  "Themonthly.com.au": {
    "domain": "themonthly.com.au"
  },
  "Thenationalpulse.com": {
    "allow_cookies": 1,
    "block_regex": "\\/thenationalpulse\\.com\\/wp-content\\/.+\\/assets\\/js\\/national-pulse\\.js",
    "domain": "thenationalpulse.com"
  },
  "Theqt.online": {
    "allow_cookies": 1,
    "domain": "theqt.online",
    "ld_json_url": "section.elementor-section|div.post_center_side_text"
  },
  "Tijorifinance.com": {
    "allow_cookies": 1,
    "domain": "tijorifinance.com",
    "useragent": "googlebot"
  },
  "Toledoblade.com": {
    "allow_cookies": 1,
    "block_regex": "\\.tinypass\\.com",
    "domain": "toledoblade.com"
  },
  "Toolkits.com": {
    "allow_cookies": 1,
    "block_regex": "\\.toolkits\\.com\\/app\\/js\\/api\\.min\\.js",
    "domain": "toolkits.com"
  },
  "Tvnewscheck.com": {
    "allow_cookies": 1,
    "domain": "tvnewscheck.com",
    "ld_json_url": "div.singlepage div.mp_login_form|div.post-details"
  },
  "Utilityweek.co.uk": {
    "allow_cookies": 1,
    "domain": "utilityweek.co.uk",
    "useragent": "googlebot"
  },
  "Washingtontimes.com": {
    "allow_cookies": 1,
    "block_regex": "\\.tinypass\\.com",
    "domain": "washingtontimes.com"
  },
  "Wissenschaft.de": {
    "add_ext_link": "div.plenigo-teaser|div.entry-content",
    "add_ext_link_type": "google_search_tool",
    "allow_cookies": 1,
    "domain": "wissenschaft.de"
  },
  "Wuv.de": {
    "allow_cookies": 1,
    "domain": "wuv.de",
    "ld_google_webcache": "div.paid-article|div.font-serif"
  },
  "Zeitzeichen.net": {
    "allow_cookies": 1,
    "block_regex": "\\/zeitzeichen\\.net\\/sites\\/default\\/files\\/js\\/js_.+\\.js",
    "domain": "zeitzeichen.net"
  },
  "Zvw.de": {
    "allow_cookies": 1,
    "cs_code": "[{\"cond\":\"div.paywall\", \"rm_class\":\"paywall\", \"elems\":[{\"cond\":\"div.nfy-products-teaser\", \"rm_elem\":1}]}, {\"cond\":\"div.nfy-banner\", \"rm_elem\":1}]",
    "domain": "zvw.de"
  }
}
